"Name","File"
"Agency FB (TrueType)","AGENCYR.TTF"
"Agency FB Bold (TrueType)","AGENCYB.TTF"
"Algerian (TrueType)","ALGER.TTF"
"Arial (TrueType)","arial.ttf"
"Arial Black (TrueType)","ariblk.ttf"
"Arial Bold (TrueType)","arialbd.ttf"
"Arial Bold Italic (TrueType)","arialbi.ttf"
"Arial Italic (TrueType)","ariali.ttf"
"Arial Narrow (TrueType)","ARIALN.TTF"
"Arial Narrow Bold (TrueType)","ARIALNB.TTF"
"Arial Narrow Bold Italic (TrueType)","ARIALNBI.TTF"
"Arial Narrow Italic (TrueType)","ARIALNI.TTF"
"Arial Rounded MT Bold (TrueType)","ARLRDBD.TTF"
"Bahnschrift (TrueType)","bahnschrift.ttf"
"Baskerville Old Face (TrueType)","BASKVILL.TTF"
"Batang & BatangChe & Gungsuh & GungsuhChe (TrueType)","batang.ttc"
"Bauhaus 93 (TrueType)","BAUHS93.TTF"
"Bell MT (TrueType)","BELL.TTF"
"Bell MT Bold (TrueType)","BELLB.TTF"
"Bell MT Italic (TrueType)","BELLI.TTF"
"Berlin Sans FB (TrueType)","BRLNSR.TTF"
"Berlin Sans FB Bold (TrueType)","BRLNSB.TTF"
"Berlin Sans FB Demi Bold (TrueType)","BRLNSDB.TTF"
"Bernard MT Condensed (TrueType)","BERNHC.TTF"
"Blackadder ITC (TrueType)","ITCBLKAD.TTF"
"Bodoni MT (TrueType)","BOD_R.TTF"
"Bodoni MT Black (TrueType)","BOD_BLAR.TTF"
"Bodoni MT Black Italic (TrueType)","BOD_BLAI.TTF"
"Bodoni MT Bold (TrueType)","BOD_B.TTF"
"Bodoni MT Bold Italic (TrueType)","BOD_BI.TTF"
"Bodoni MT Condensed (TrueType)","BOD_CR.TTF"
"Bodoni MT Condensed Bold (TrueType)","BOD_CB.TTF"
"Bodoni MT Condensed Bold Italic (TrueType)","BOD_CBI.TTF"
"Bodoni MT Condensed Italic (TrueType)","BOD_CI.TTF"
"Bodoni MT Italic (TrueType)","BOD_I.TTF"
"Bodoni MT Poster Compressed (TrueType)","BOD_PSTC.TTF"
"Book Antiqua (TrueType)","BKANT.TTF"
"Book Antiqua Bold (TrueType)","ANTQUAB.TTF"
"Book Antiqua Bold Italic (TrueType)","ANTQUABI.TTF"
"Book Antiqua Italic (TrueType)","ANTQUAI.TTF"
"Bookman Old Style (TrueType)","BOOKOS.TTF"
"Bookman Old Style Bold (TrueType)","BOOKOSB.TTF"
"Bookman Old Style Bold Italic (TrueType)","BOOKOSBI.TTF"
"Bookman Old Style Italic (TrueType)","BOOKOSI.TTF"
"Bookshelf Symbol 7 (TrueType)","BSSYM7.TTF"
"Bradley Hand ITC (TrueType)","BRADHITC.TTF"
"Britannic Bold (TrueType)","BRITANIC.TTF"
"Broadway (TrueType)","BROADW.TTF"
"Brush Script MT Italic (TrueType)","BRUSHSCI.TTF"
"Calibri (TrueType)","calibri.ttf"
"Calibri Bold (TrueType)","calibrib.ttf"
"Calibri Bold Italic (TrueType)","calibriz.ttf"
"Calibri Italic (TrueType)","calibrii.ttf"
"Calibri Light (TrueType)","calibril.ttf"
"Calibri Light Italic (TrueType)","calibrili.ttf"
"Californian FB (TrueType)","CALIFR.TTF"
"Californian FB Bold (TrueType)","CALIFB.TTF"
"Californian FB Italic (TrueType)","CALIFI.TTF"
"Calisto MT (TrueType)","CALIST.TTF"
"Calisto MT Bold (TrueType)","CALISTB.TTF"
"Calisto MT Bold Italic (TrueType)","CALISTBI.TTF"
"Calisto MT Italic (TrueType)","CALISTI.TTF"
"Cambria & Cambria Math (TrueType)","cambria.ttc"
"Cambria Bold (TrueType)","cambriab.ttf"
"Cambria Bold Italic (TrueType)","cambriaz.ttf"
"Cambria Italic (TrueType)","cambriai.ttf"
"Candara (TrueType)","candara.ttf"
"Candara Bold (TrueType)","candarab.ttf"
"Candara Bold Italic (TrueType)","candaraz.ttf"
"Candara Italic (TrueType)","candarai.ttf"
"Candara Light (TrueType)","candaral.ttf"
"Candara Light Italic (TrueType)","candarali.ttf"
"Castellar (TrueType)","CASTELAR.TTF"
"Centaur (TrueType)","CENTAUR.TTF"
"Century (TrueType)","CENTURY.TTF"
"Century Gothic (TrueType)","GOTHIC.TTF"
"Century Gothic Bold (TrueType)","GOTHICB.TTF"
"Century Gothic Bold Italic (TrueType)","GOTHICBI.TTF"
"Century Gothic Italic (TrueType)","GOTHICI.TTF"
"Century Schoolbook (TrueType)","CENSCBK.TTF"
"Century Schoolbook Bold (TrueType)","SCHLBKB.TTF"
"Century Schoolbook Bold Italic (TrueType)","SCHLBKBI.TTF"
"Century Schoolbook Italic (TrueType)","SCHLBKI.TTF"
"Chiller (TrueType)","CHILLER.TTF"
"Colonna MT (TrueType)","COLONNA.TTF"
"Comic Sans MS (TrueType)","comic.ttf"
"Comic Sans MS Bold (TrueType)","comicbd.ttf"
"Comic Sans MS Bold Italic (TrueType)","comicz.ttf"
"Comic Sans MS Italic (TrueType)","comici.ttf"
"Consolas (TrueType)","consola.ttf"
"Consolas Bold (TrueType)","consolab.ttf"
"Consolas Bold Italic (TrueType)","consolaz.ttf"
"Consolas Italic (TrueType)","consolai.ttf"
"Constantia (TrueType)","constan.ttf"
"Constantia Bold (TrueType)","constanb.ttf"
"Constantia Bold Italic (TrueType)","constanz.ttf"
"Constantia Italic (TrueType)","constani.ttf"
"Cooper Black (TrueType)","COOPBL.TTF"
"Copperplate Gothic Bold (TrueType)","COPRGTB.TTF"
"Copperplate Gothic Light (TrueType)","COPRGTL.TTF"
"Corbel (TrueType)","corbel.ttf"
"Corbel Bold (TrueType)","corbelb.ttf"
"Corbel Bold Italic (TrueType)","corbelz.ttf"
"Corbel Italic (TrueType)","corbeli.ttf"
"Corbel Light (TrueType)","corbell.ttf"
"Corbel Light Italic (TrueType)","corbelli.ttf"
"Courier New (TrueType)","cour.ttf"
"Courier New Bold (TrueType)","courbd.ttf"
"Courier New Bold Italic (TrueType)","courbi.ttf"
"Courier New Italic (TrueType)","couri.ttf"
"Curlz MT (TrueType)","CURLZ___.TTF"
"Dubai Bold (TrueType)","DUBAI-BOLD.TTF"
"Dubai Light (TrueType)","DUBAI-LIGHT.TTF"
"Dubai Medium (TrueType)","DUBAI-MEDIUM.TTF"
"Dubai Regular (TrueType)","DUBAI-REGULAR.TTF"
"Ebrima (TrueType)","ebrima.ttf"
"Ebrima Bold (TrueType)","ebrimabd.ttf"
"Edwardian Script ITC (TrueType)","ITCEDSCR.TTF"
"Elephant (TrueType)","ELEPHNT.TTF"
"Elephant Italic (TrueType)","ELEPHNTI.TTF"
"Engravers MT (TrueType)","ENGR.TTF"
"Eras Bold ITC (TrueType)","ERASBD.TTF"
"Eras Demi ITC (TrueType)","ERASDEMI.TTF"
"Eras Light ITC (TrueType)","ERASLGHT.TTF"
"Eras Medium ITC (TrueType)","ERASMD.TTF"
"Felix Titling (TrueType)","FELIXTI.TTF"
"Footlight MT Light (TrueType)","FTLTLT.TTF"
"Forte (TrueType)","FORTE.TTF"
"Franklin Gothic Book (TrueType)","FRABK.TTF"
"Franklin Gothic Book Italic (TrueType)","FRABKIT.TTF"
"Franklin Gothic Demi (TrueType)","FRADM.TTF"
"Franklin Gothic Demi Cond (TrueType)","FRADMCN.TTF"
"Franklin Gothic Demi Italic (TrueType)","FRADMIT.TTF"
"Franklin Gothic Heavy (TrueType)","FRAHV.TTF"
"Franklin Gothic Heavy Italic (TrueType)","FRAHVIT.TTF"
"Franklin Gothic Medium (TrueType)","framd.ttf"
"Franklin Gothic Medium Cond (TrueType)","FRAMDCN.TTF"
"Franklin Gothic Medium Italic (TrueType)","framdit.ttf"
"Freestyle Script (TrueType)","FREESCPT.TTF"
"French Script MT (TrueType)","FRSCRIPT.TTF"
"FZShuTi (TrueType)","FZSTK.TTF"
"FZYaoTi (TrueType)","FZYTK.TTF"
"Gabriola (TrueType)","Gabriola.ttf"
"Gadugi (TrueType)","gadugi.ttf"
"Gadugi Bold (TrueType)","gadugib.ttf"
"Garamond (TrueType)","GARA.TTF"
"Garamond Bold (TrueType)","GARABD.TTF"
"Garamond Italic (TrueType)","GARAIT.TTF"
"Georgia (TrueType)","georgia.ttf"
"Georgia Bold (TrueType)","georgiab.ttf"
"Georgia Bold Italic (TrueType)","georgiaz.ttf"
"Georgia Italic (TrueType)","georgiai.ttf"
"Gigi (TrueType)","GIGI.TTF"
"Gill Sans MT (TrueType)","GIL_____.TTF"
"Gill Sans MT Bold (TrueType)","GILB____.TTF"
"Gill Sans MT Bold Italic (TrueType)","GILBI___.TTF"
"Gill Sans MT Condensed (TrueType)","GILC____.TTF"
"Gill Sans MT Ext Condensed Bold (TrueType)","GLSNECB.TTF"
"Gill Sans MT Italic (TrueType)","GILI____.TTF"
"Gill Sans Ultra Bold (TrueType)","GILSANUB.TTF"
"Gill Sans Ultra Bold Condensed (TrueType)","GILLUBCD.TTF"
"Gloucester MT Extra Condensed (TrueType)","GLECB.TTF"
"Goudy Old Style (TrueType)","GOUDOS.TTF"
"Goudy Old Style Bold (TrueType)","GOUDOSB.TTF"
"Goudy Old Style Italic (TrueType)","GOUDOSI.TTF"
"Goudy Stout (TrueType)","GOUDYSTO.TTF"
"Gulim & GulimChe & Dotum & DotumChe (TrueType)","gulim.ttc"
"Haan Wing2 (TrueType)","HANWing2.ttf"
"Haettenschweiler (TrueType)","HATTEN.TTF"
"Han Santteut Dotum Bold (TrueType)","HanSantteutDotum-Bold.ttf"
"Han Santteut Dotum Regular (TrueType)","HanSantteutDotum-Regular.ttf"
"Hancom Gothic Bold (TrueType)","Hancom Gothic Bold.ttf"
"Hancom Gothic Regular (TrueType)","Hancom Gothic Regular.ttf"
"Hancom Hoonminjeongeum_H (TrueType)","HancomHoonminjeongeumH.ttf"
"Hancom Hoonminjeongeum_V (TrueType)","Hancom HMJE_V.ttf"
"Hancom MalangMalang Bold (TrueType)","MalangmalangB.ttf"
"Hancom MalangMalang Regular (TrueType)","MalangmalangR.ttf"
"Hancom Ulju Bangudae Petroglyph (TrueType)","HancomUljuBangudaePetroglyph.ttf"
"Hancom Ulju Cheonjeonri Petroglyph (TrueType)","HancomUljuCheonjeonriPetroglyph.ttf"
"HancomEQN (TrueType)","HancomEQN.ttf"
"Harlow Solid Italic (TrueType)","HARLOWSI.TTF"
"Harrington (TrueType)","HARNGTON.TTF"
"HCR Batang (TrueType)","HANBatang.ttf"
"HCR Batang Bold (TrueType)","HANBatangB.ttf"
"HCR Batang Ext (TrueType)","HANBatangExt.ttf"
"HCR Batang ExtB (TrueType)","HANBatangExtB.ttf"
"HCR Batang ExtB Bold (TrueType)","HANBatangExtBB.ttf"
"HCR Dotum (TrueType)","HANDotum.ttf"
"HCR Dotum Bold (TrueType)","HANDotumB.ttf"
"HCR Dotum Ext (TrueType)","HANDotumExt.ttf"
"High Tower Text (TrueType)","HTOWERT.TTF"
"High Tower Text Italic (TrueType)","HTOWERTI.TTF"
"Holo MDL2 Assets (TrueType)","holomdl2.ttf"
"HyhwpEQ (TrueType)","HYHWPEQ.TTF"
"HY견고딕 (TrueType)","H2GTRE.TTF"
"HY견명조 (TrueType)","H2MJRE.TTF"
"HY궁서B (TrueType)","H2GSRB.TTF"
"HY그래픽M (TrueType)","H2GPRM.TTF"
"HY목각파임B (TrueType)","H2MKPB.TTF"
"HY신명조 (TrueType)","H2MJSM.TTF"
"HY얕은샘물M (TrueType)","H2SA1M.TTF"
"HY엽서L (TrueType)","H2PORL.TTF"
"HY엽서M (TrueType)","H2PORM.TTF"
"HY중고딕 (TrueType)","H2GTRM.TTF"
"HY헤드라인M (TrueType)","H2HDRM.TTF"
"Impact (TrueType)","impact.ttf"
"Imprint MT Shadow (TrueType)","IMPRISHA.TTF"
"Informal Roman (TrueType)","INFROMAN.TTF"
"Ink Free (TrueType)","Inkfree.ttf"
"Javanese Text (TrueType)","javatext.ttf"
"Jokerman (TrueType)","JOKERMAN.TTF"
"Juice ITC (TrueType)","JUICE___.TTF"
"Kristen ITC (TrueType)","ITCKRIST.TTF"
"Kunstler Script (TrueType)","KUNSTLER.TTF"
"Leelawadee (TrueType)","LEELAWAD.TTF"
"Leelawadee Bold (TrueType)","LEELAWDB.TTF"
"Leelawadee UI (TrueType)","leelawui.ttf"
"Leelawadee UI Bold (TrueType)","leelauib.ttf"
"Leelawadee UI Semilight (TrueType)","leeluisl.ttf"
"LiSu (TrueType)","SIMLI.TTF"
"Lucida Bright (TrueType)","LBRITE.TTF"
"Lucida Bright Demibold (TrueType)","LBRITED.TTF"
"Lucida Bright Demibold Italic (TrueType)","LBRITEDI.TTF"
"Lucida Bright Italic (TrueType)","LBRITEI.TTF"
"Lucida Calligraphy Italic (TrueType)","LCALLIG.TTF"
"Lucida Console (TrueType)","lucon.TTF"
"Lucida Fax Demibold (TrueType)","LFAXD.TTF"
"Lucida Fax Demibold Italic (TrueType)","LFAXDI.TTF"
"Lucida Fax Italic (TrueType)","LFAXI.TTF"
"Lucida Fax Regular (TrueType)","LFAX.TTF"
"Lucida Handwriting Italic (TrueType)","LHANDW.TTF"
"Lucida Sans Demibold Italic (TrueType)","LSANSDI.TTF"
"Lucida Sans Demibold Roman (TrueType)","LSANSD.TTF"
"Lucida Sans Italic (TrueType)","LSANSI.TTF"
"Lucida Sans Regular (TrueType)","LSANS.TTF"
"Lucida Sans Typewriter Bold (TrueType)","LTYPEB.TTF"
"Lucida Sans Typewriter Bold Oblique (TrueType)","LTYPEBO.TTF"
"Lucida Sans Typewriter Oblique (TrueType)","LTYPEO.TTF"
"Lucida Sans Typewriter Regular (TrueType)","LTYPE.TTF"
"Lucida Sans Unicode (TrueType)","l_10646.ttf"
"Magneto Bold (TrueType)","MAGNETOB.TTF"
"Maiandra GD (TrueType)","MAIAN.TTF"
"Malgun Gothic (TrueType)","malgun.ttf"
"Malgun Gothic Bold (TrueType)","malgunbd.ttf"
"Malgun Gothic SemiLight (TrueType)","malgunsl.ttf"
"Matura MT Script Capitals (TrueType)","MATURASC.TTF"
"Microsoft Himalaya (TrueType)","himalaya.ttf"
"Microsoft JhengHei & Microsoft JhengHei UI (TrueType)","msjh.ttc"
"Microsoft JhengHei Bold & Microsoft JhengHei UI Bold (TrueType)","msjhbd.ttc"
"Microsoft JhengHei Light & Microsoft JhengHei UI Light (TrueType)","msjhl.ttc"
"Microsoft New Tai Lue (TrueType)","ntailu.ttf"
"Microsoft New Tai Lue Bold (TrueType)","ntailub.ttf"
"Microsoft PhagsPa (TrueType)","phagspa.ttf"
"Microsoft PhagsPa Bold (TrueType)","phagspab.ttf"
"Microsoft Sans Serif (TrueType)","micross.ttf"
"Microsoft Tai Le (TrueType)","taile.ttf"
"Microsoft Tai Le Bold (TrueType)","taileb.ttf"
"Microsoft Uighur (TrueType)","MSUIGHUR.TTF"
"Microsoft Uighur Bold (TrueType)","MSUIGHUB.TTF"
"Microsoft YaHei & Microsoft YaHei UI (TrueType)","msyh.ttc"
"Microsoft YaHei Bold & Microsoft YaHei UI Bold (TrueType)","msyhbd.ttc"
"Microsoft YaHei Light & Microsoft YaHei UI Light (TrueType)","msyhl.ttc"
"Microsoft Yi Baiti (TrueType)","msyi.ttf"
"MingLiU-ExtB & PMingLiU-ExtB & MingLiU_HKSCS-ExtB (TrueType)","mingliub.ttc"
"Mistral (TrueType)","MISTRAL.TTF"
"Modern (All res)","modern.fon"
"Modern No. 20 (TrueType)","MOD20.TTF"
"Mongolian Baiti (TrueType)","monbaiti.ttf"
"Monotype Corsiva (TrueType)","MTCORSVA.TTF"
"MS Gothic & MS UI Gothic & MS PGothic (TrueType)","msgothic.ttc"
"MS Outlook (TrueType)","OUTLOOK.TTF"
"MS Reference Sans Serif (TrueType)","REFSAN.TTF"
"MS Reference Specialty (TrueType)","REFSPCL.TTF"
"MT Extra (TrueType)","MTEXTRA.TTF"
"MV Boli (TrueType)","mvboli.ttf"
"Myanmar Text (TrueType)","mmrtext.ttf"
"Myanmar Text Bold (TrueType)","mmrtextb.ttf"
"NanumGothic (TrueType)",".TTF"
"NanumGothicBold (TrueType)","BOLD.TTF"
"NanumGothicExtraBold (TrueType)","EXTRABOLD.TTF"
"NewJumja (TrueType)","JUMJA.TTF"
"Niagara Engraved (TrueType)","NIAGENG.TTF"
"Niagara Solid (TrueType)","NIAGSOL.TTF"
"Nirmala UI & Nirmala UI Bold & Nirmala UI Semilight & Nirmala Text & Nirmala Text Bold & Nirmala Text Semilight (TrueType)","Nirmala.ttc"
"Noto Sans KR (TrueType)","NotoSansKR-VF.ttf"
"Noto Serif KR (TrueType)","NotoSerifKR-VF.ttf"
"OCR A Extended (TrueType)","OCRAEXT.TTF"
"Old English Text MT (TrueType)","OLDENGL.TTF"
"Onyx (TrueType)","ONYX.TTF"
"Palace Script MT (TrueType)","PALSCRI.TTF"
"Palatino Linotype (TrueType)","pala.ttf"
"Palatino Linotype Bold (TrueType)","palab.ttf"
"Palatino Linotype Bold Italic (TrueType)","palabi.ttf"
"Palatino Linotype Italic (TrueType)","palai.ttf"
"Papyrus (TrueType)","PAPYRUS.TTF"
"Parchment (TrueType)","PARCHM.TTF"
"Perpetua (TrueType)","PER_____.TTF"
"Perpetua Bold (TrueType)","PERB____.TTF"
"Perpetua Bold Italic (TrueType)","PERBI___.TTF"
"Perpetua Italic (TrueType)","PERI____.TTF"
"Perpetua Titling MT Bold (TrueType)","PERTIBD.TTF"
"Perpetua Titling MT Light (TrueType)","PERTILI.TTF"
"Playbill (TrueType)","PLAYBILL.TTF"
"Poor Richard (TrueType)","POORICH.TTF"
"Pristina (TrueType)","PRISTINA.TTF"
"Rage Italic (TrueType)","RAGE.TTF"
"Ravie (TrueType)","RAVIE.TTF"
"Rockwell (TrueType)","ROCK.TTF"
"Rockwell Bold (TrueType)","ROCKB.TTF"
"Rockwell Bold Italic (TrueType)","ROCKBI.TTF"
"Rockwell Condensed (TrueType)","ROCC____.TTF"
"Rockwell Condensed Bold (TrueType)","ROCCB___.TTF"
"Rockwell Extra Bold (TrueType)","ROCKEB.TTF"
"Rockwell Italic (TrueType)","ROCKI.TTF"
"Roman (All res)","roman.fon"
"Sans Serif Collection (TrueType)","SansSerifCollection.ttf"
"Script (All res)","script.fon"
"Script MT Bold (TrueType)","SCRIPTBL.TTF"
"Segoe Fluent Icons (TrueType)","SegoeIcons.ttf"
"Segoe MDL2 Assets (TrueType)","segmdl2.ttf"
"Segoe Print (TrueType)","segoepr.ttf"
"Segoe Print Bold (TrueType)","segoeprb.ttf"
"Segoe Script (TrueType)","segoesc.ttf"
"Segoe Script Bold (TrueType)","segoescb.ttf"
"Segoe UI (TrueType)","segoeui.ttf"
"Segoe UI Black (TrueType)","seguibl.ttf"
"Segoe UI Black Italic (TrueType)","seguibli.ttf"
"Segoe UI Bold (TrueType)","segoeuib.ttf"
"Segoe UI Bold Italic (TrueType)","segoeuiz.ttf"
"Segoe UI Emoji (TrueType)","seguiemj.ttf"
"Segoe UI Historic (TrueType)","seguihis.ttf"
"Segoe UI Italic (TrueType)","segoeuii.ttf"
"Segoe UI Light (TrueType)","segoeuil.ttf"
"Segoe UI Light Italic (TrueType)","seguili.ttf"
"Segoe UI Semibold (TrueType)","seguisb.ttf"
"Segoe UI Semibold Italic (TrueType)","seguisbi.ttf"
"Segoe UI Semilight (TrueType)","segoeuisl.ttf"
"Segoe UI Semilight Italic (TrueType)","seguisli.ttf"
"Segoe UI Symbol (TrueType)","seguisym.ttf"
"Segoe UI Variable (TrueType)","SegUIVar.ttf"
"Showcard Gothic (TrueType)","SHOWG.TTF"
"SimSun & NSimSun (TrueType)","simsun.ttc"
"SimSun-ExtB (TrueType)","simsunb.ttf"
"SimSun-ExtG (TrueType)","SimsunExtG.ttf"
"Sitka Text (TrueType)","SitkaVF.ttf"
"Sitka Text Italic (TrueType)","SitkaVF-Italic.ttf"
"Snap ITC (TrueType)","SNAP____.TTF"
"STCaiyun (TrueType)","STCAIYUN.TTF"
"Stencil (TrueType)","STENCIL.TTF"
"STFangsong (TrueType)","STFANGSO.TTF"
"STHupo (TrueType)","STHUPO.TTF"
"STKaiti (TrueType)","STKAITI.TTF"
"STLiti (TrueType)","STLITI.TTF"
"STSong (TrueType)","STSONG.TTF"
"STXihei (TrueType)","STXIHEI.TTF"
"STXingkai (TrueType)","STXINGKA.TTF"
"STXinwei (TrueType)","STXINWEI.TTF"
"STZhongsong (TrueType)","STZHONGS.TTF"
"Sylfaen (TrueType)","sylfaen.ttf"
"Symbol (TrueType)","symbol.ttf"
"Tahoma (TrueType)","tahoma.ttf"
"Tahoma Bold (TrueType)","tahomabd.ttf"
"Tempus Sans ITC (TrueType)","TEMPSITC.TTF"
"Times New Roman (TrueType)","times.ttf"
"Times New Roman Bold (TrueType)","timesbd.ttf"
"Times New Roman Bold Italic (TrueType)","timesbi.ttf"
"Times New Roman Italic (TrueType)","timesi.ttf"
"Trebuchet MS (TrueType)","trebuc.ttf"
"Trebuchet MS Bold (TrueType)","trebucbd.ttf"
"Trebuchet MS Bold Italic (TrueType)","trebucbi.ttf"
"Trebuchet MS Italic (TrueType)","trebucit.ttf"
"Tw Cen MT (TrueType)","TCM_____.TTF"
"Tw Cen MT Bold (TrueType)","TCB_____.TTF"
"Tw Cen MT Bold Italic (TrueType)","TCBI____.TTF"
"Tw Cen MT Condensed (TrueType)","TCCM____.TTF"
"Tw Cen MT Condensed Bold (TrueType)","TCCB____.TTF"
"Tw Cen MT Condensed Extra Bold (TrueType)","TCCEB.TTF"
"Tw Cen MT Italic (TrueType)","TCMI____.TTF"
"Verdana (TrueType)","verdana.ttf"
"Verdana Bold (TrueType)","verdanab.ttf"
"Verdana Bold Italic (TrueType)","verdanaz.ttf"
"Verdana Italic (TrueType)","verdanai.ttf"
"Viner Hand ITC (TrueType)","VINERITC.TTF"
"Vivaldi Italic (TrueType)","VIVALDII.TTF"
"Vladimir Script (TrueType)","VLADIMIR.TTF"
"Webdings (TrueType)","webdings.ttf"
"Wide Latin (TrueType)","LATINWD.TTF"
"Wingdings (TrueType)","wingding.ttf"
"Wingdings 2 (TrueType)","WINGDNG2.TTF"
"Wingdings 3 (TrueType)","WINGDNG3.TTF"
"YouYuan (TrueType)","SIMYOU.TTF"
"Yu Gothic Bold & Yu Gothic UI Semibold & Yu Gothic UI Bold (TrueType)","YuGothB.ttc"
"Yu Gothic Light & Yu Gothic UI Light (TrueType)","YuGothL.ttc"
"Yu Gothic Medium & Yu Gothic UI Regular (TrueType)","YuGothM.ttc"
"Yu Gothic Regular & Yu Gothic UI Semilight (TrueType)","YuGothR.ttc"
"새굴림 (TrueType)","NGULIM.TTF"
"휴먼둥근헤드라인 (TrueType)","HMKMRHD.TTF"
"휴먼매직체 (TrueType)","HMKMMAG.TTF"
"휴먼모음T & 휴먼엑스포 (TrueType)","HMFMMUEX.TTC"
"휴먼아미체 (TrueType)","HMKMAMI.TTF"
"휴먼옛체 (TrueType)","HMFMOLD.TTF"
"휴먼편지체 (TrueType)","HMFMPYUN.TTF"
